series	source_repo	source_patch
0001-wintrust-WTD_CHOICE_BLOB-and-RFC3161-timestamp.patch	acad-wine-main	0001-wintrust-WTD_CHOICE_BLOB-and-RFC3161-timestamp.patch
0002-kernelbase-regf-hive-RegLoadAppKey.patch	acad-wine-main	0002-kernelbase-regf-hive-RegLoadAppKey.patch
0003-urlmon-MapUrlToZone-res-scheme-empty-host.patch	acad-wine-main	0003-urlmon-MapUrlToZone-res-scheme-empty-host.patch
0004-services-session-0.patch	acad-wine-main	0004-services-session-0.patch
0005-ws2_32-windows-hosts-file.patch	acad-wine-main	0006-ws2_32-windows-hosts-file.patch
0006-crypt32-group-policy-enterprise-stores.patch	acad-wine-main	0007-crypt32-group-policy-enterprise-stores.patch
0007-server-completion-info-non-overlapped.patch	acad-wine-main	0008-server-completion-info-non-overlapped.patch
0008-ntdll-fd-backed-pipe-semantics.patch	acad-wine-main	0009-ntdll-fd-backed-pipe-semantics.patch
0009-missing-exports-fls-cet-longpaths-zt.patch	acad-wine-main	0010-missing-exports-fls-cet-longpaths-zt.patch
0010-ws2_32-NS_NLA-lookups.patch	acad-wine-main	0012-ws2_32-NS_NLA-lookups.patch
0011-winex11-ignore-stale-window-errors.patch	acad-wine-main	0013-winex11-ignore-stale-window-errors.patch
0012-secur32-GetUserNameExW-NameUserPrincipal-NameDnsDomain.patch	acad-wine-main	0014-secur32-GetUserNameExW-NameUserPrincipal-NameDnsDomain.patch
0013-msiexec-Windows-command-line-parsing.patch	acad-wine-main	0015-msiexec-Windows-command-line-parsing.patch
0014-ntdll-actctx-probing-privatePath.patch	acad-wine-main	0016-ntdll-actctx-probing-privatePath.patch
0015-wintypes-winrt-metadata-resolution.patch	powerbi-linux	0001-wintypes-winrt-metadata-resolution.patch
0016-ntdll-NtImpersonateAnonymousToken.patch	powerbi-linux	0002-ntdll-NtImpersonateAnonymousToken.patch
0017-secur32-negotiate-spnego.patch	powerbi-linux	0003-secur32-negotiate-spnego.patch
0018-secur32-LsaFreeReturnBuffer.patch	powerbi-linux	0004-secur32-LsaFreeReturnBuffer.patch
0019-oledb32-DataConvert-VARIANT-I8-and-BOOL.patch	powerbi-linux	0006-oledb32-DataConvert-VARIANT-I8-and-BOOL.patch
0020-ncrypt-import-ecc-key-blobs.patch	revit-wine-main	0100-ncrypt-import-ecc-key-blobs.patch
0021-dcomp-implementation.patch	revit-wine-main	0101-dcomp-implementation.patch
0022-dxgi-composition-swapchain-getdc.patch	revit-wine-main	0102-dxgi-composition-swapchain-getdc.patch
